,episode_0_reward,episode_0_train
0,3.9817741991453413,1
1,3.992074065784521,1
2,3.9948257814582258,1
3,3.9879741372201067,1
4,3.9975360031568123,1
5,3.991505803001691,1
6,3.9386477311386123,1
7,3.814434650825419,1
8,3.933478897470442,1
9,3.962302195595376,1
10,3.972134793769608,1
11,3.9698016623588575,1
12,3.9706626083681344,1
13,3.970914396888181,1
14,3.971542381707538,1
15,3.9719507109781,1
16,3.971889480188315,1
17,3.9718330428769084,1
18,3.9717783600026673,1
19,3.9717326262042656,1
20,3.971699406362984,1
21,3.9716763449802164,1
22,3.971660510283778,1
23,3.9716495204592883,1
24,3.971645892214166,1
25,3.9716500199627447,1
26,3.9716615110778033,1
27,3.971680832387229,1
28,3.9717081286015072,1
29,3.9717422483528058,1
30,3.9717797047730867,1
31,3.971824841834906,1
32,3.971868326710748,1
33,3.9718888961115826,1
34,3.971793736039337,1
35,3.97122654622493,1
36,3.970290439010843,1
37,3.9703932390511723,1
38,3.970472717274812,1
39,3.9703327876122927,1
40,3.9702762284552433,1
41,3.970245869839056,1
42,3.970216635177251,1
43,3.9701878727517164,1
44,3.9701598187955645,1
45,3.970129712206387,1
46,3.9700995046119583,1
47,3.970069789269602,1
48,3.970041543874654,1
49,3.9700169211094725,1
50,3.969993373744307,1
51,3.9699712987197078,1
52,3.969949475155933,1
53,3.969928953591248,1
54,3.9699102203227308,1
55,3.969891242583687,1
56,3.969873752018115,1
57,3.9698578454763354,1
58,3.9698433608070025,1
59,3.9698310364570295,1
60,3.96982003636729,1
61,3.9698118053245097,1
62,3.9698052920625213,1
63,3.9697987168679507,1
64,3.9697940843166535,1
65,3.969791172160903,1
66,3.9697888487447095,1
67,3.9697882733507854,1
68,3.9697877057386326,1
69,3.969787883452637,1
70,3.9697884763921247,1
71,3.9697896217473168,1
72,3.969791507152725,1
73,3.969793792716465,1
74,3.9697969441290164,1
75,3.9698002677754882,1
76,3.969803903801154,1
77,3.9698076200802768,1
78,3.9698116468599842,1
79,3.969816138324579,1
80,3.9698209455335842,1
81,3.969826171411658,1
82,3.969829331379957,1
83,3.9698335709713306,1
84,3.969838068910556,1
85,3.96984292638528,1
86,3.9698481827279206,1
87,3.9698534172024558,1
88,3.9698587543132584,1
89,3.969864055988137,1
90,3.969869635277876,1
91,3.969875135867264,1
92,3.969880725745944,1
93,3.9698863393738444,1
94,3.969892374899933,1
95,3.9698986211047744,1
96,3.9699050732618755,1
97,3.9699118295511098,1
98,3.969918383297823,1
99,3.969925419994122,-1
100,3.969921307573651,-1
101,3.9698928300390035,-1
102,3.969870092439898,-1
103,3.969848104997625,-1
104,3.969824611451031,-1
105,3.9698028817396613,-1
106,3.969782875756998,-1
107,3.969762635062363,-1
108,3.9697427192133063,-1
109,3.969722881121462,-1
110,3.96970434544306,-1
111,3.9696864071659697,-1
112,3.9696704654186865,-1
113,3.9696551697725613,-1
114,3.9696402892820997,-1
115,3.969625806390563,-1
116,3.9696114161957565,-1
117,3.9695970142238104,-1
118,3.9695865283900265,-1
119,3.969577416857791,-1
120,3.969569133509782,-1
121,3.9695605158586824,-1
122,3.9695543674701885,-1
123,3.969544584416881,-1
124,3.969534572059775,-1
125,3.969520861988163,-1
126,3.9695079694791504,-1
127,3.969494484214904,-1
128,3.969481491072266,-1
129,3.9694684597289527,-1
130,3.9694551996670886,-1
131,3.9694424711353546,-1
132,3.969430505626542,-1
133,3.9694193886830886,-1
134,3.969407956399915,-1
135,3.969397540132039,-1
136,3.9693877709192633,-1
137,3.9693790745766115,-1
138,3.969368914035175,-1
139,3.9693575536980634,-1
140,3.9693465969601447,-1
141,3.96933627757395,-1
142,3.96932659455542,-1
143,3.9693173794640697,-1
144,3.9693089415614113,-1
145,3.9692998948890024,-1
146,3.9692913183234366,-1
147,3.969285199714479,-1
148,3.9692797691982245,-1
149,3.969274583832519,-1
150,3.969269618306974,-1
151,3.9692652916146907,-1
152,3.969261346321603,-1
153,3.96925735134237,-1
154,3.969253343283201,-1
155,3.9692492248914526,-1
156,3.9692464776170144,-1
157,3.969244605403597,-1
158,3.9692429472830706,-1
159,3.9692413232533923,-1
160,3.9692396031514408,-1
161,3.969238437645719,-1
162,3.9692382761450857,-1
163,3.9692383400703353,-1
164,3.969238438793929,-1
165,3.969239178101463,-1
166,3.9692403928124578,-1
167,3.9692417304951766,-1
168,3.969242732255601,-1
169,3.969244131809878,-1
170,3.969245530251495,-1
171,3.96924639092129,-1
172,3.9692479943029726,-1
173,3.9692496438573497,-1
174,3.9692513126924616,-1
175,3.9692529953008915,-1
176,3.969254190250629,-1
177,3.9692559660957567,-1
178,3.969257493070095,-1
179,3.9692602086643816,-1
180,3.9692634442216748,-1
181,3.969266346624674,-1
182,3.969269433061329,-1
183,3.9692726983003097,-1
184,3.969276131583152,-1
185,3.969279579125378,-1
186,3.9692833639697818,-1
187,3.9692877553405768,-1
188,3.969291444117623,-1
189,3.969294830320652,-1
190,3.969297907719746,-1
191,3.9693013482398776,-1
192,3.9693055274407714,-1
193,3.9693104966501553,-1
194,3.9693159912374805,-1
195,3.9693208278347067,-1
196,3.9693259400938743,-1
197,3.9693312138107797,-1
198,3.969336844573289,-1
199,3.969342872096317,1
200,3.9693698770236043,1
201,3.969448256835732,1
202,3.9695276113316758,1
203,3.969606531852838,1
204,3.969690845077027,1
205,3.969766786110501,1
206,3.9698392196107473,1
207,3.9699102276460048,1
208,3.9699829950980488,1
209,3.9700506707166774,1
210,3.9701190239835,1
211,3.9701853929351887,1
212,3.9702478978208386,1
213,3.9703126242412194,1
214,3.9703759226317348,1
215,3.970439619584451,1
216,3.9705077297269424,1
217,3.9705715801977908,1
218,3.97063654774019,1
219,3.9707024792727585,1
220,3.970763683663393,1
221,3.9708234949183163,1
222,3.970879497759576,1
223,3.970934991187132,1
224,3.970986638217762,1
225,3.971041552603155,1
226,3.971096459399459,1
227,3.971143090528545,1
228,3.9711882931595266,1
229,3.9712330013663157,1
230,3.971275418716952,1
231,3.9713154806034465,1
232,3.971354405202101,1
233,3.971390365021714,1
234,3.9714252179276626,1
235,3.97146177165606,1
236,3.9714973008218757,1
237,3.971532157596925,1
238,3.971570315571969,1
239,3.9716072479596276,1
240,3.9716426458680387,1
241,3.9716799947232224,1
242,3.971715665589226,1
243,3.97175063203287,1
244,3.971784837452014,1
245,3.97181762179548,1
246,3.971852904243588,1
247,3.971882594429193,1
248,3.9719186680442946,1
249,3.971953707421209,1
250,3.97197556775277,1
251,3.97199695163781,1
252,3.9720116665855327,1
253,3.97202815143239,1
254,3.9720474101992624,1
255,3.9720646652163154,1
256,3.972082656120973,1
257,3.972099921593882,1
258,3.972116414673817,1
259,3.972133218820392,1
260,3.972149743625701,1
261,3.972166317272458,1
262,3.9721830087656578,1
263,3.972199247426389,1
264,3.972215189693877,1
265,3.972230665229621,1
266,3.972245108517344,1
267,3.972258943097666,1
268,3.9722720631217103,1
269,3.972284550269554,1
270,3.9722985953977377,1
271,3.9723124640546175,1
272,3.9723262827034,1
273,3.972339320402744,1
274,3.972352340257345,1
275,3.972366070554746,1
276,3.9723793265923177,1
277,3.9723922157146134,1
278,3.972404493859531,1
279,3.972417014477497,1
280,3.9724295855608833,1
281,3.9724429717450356,1
282,3.9724561615748804,1
283,3.972469451924616,1
284,3.9724832173383007,1
285,3.972498503671601,1
286,3.972512729575381,1
287,3.9725246076998557,1
288,3.9725352322951415,1
289,3.9725481377782996,1
290,3.9725624244735775,1
291,3.972578886806508,1
292,3.9725954116005093,1
293,3.9726106170882125,1
294,3.9726262956316036,1
295,3.9726407381435767,1
296,3.972655110210363,1
297,3.972670753196046,1
298,3.9726861236148787,1
299,3.972701638638106,-1
300,3.972684778132292,-1
301,3.972618267893573,-1
302,3.972551150979683,-1
303,3.9724852398095916,-1
304,3.9724212566019674,-1
305,3.9723557315127076,-1
306,3.9722910718334905,-1
307,3.972228877869264,-1
308,3.9721678556126365,-1
309,3.9721067071322445,-1
310,3.97204602461835,-1
311,3.971987994606149,-1
312,3.9719289487134324,-1
313,3.971892151596718,-1
314,3.971852140485911,-1
315,3.9718150190437624,-1
316,3.9717860039484902,-1
317,3.971747806755253,-1
318,3.9717134926957063,-1
319,3.9716808730973945,-1
320,3.9716472721876004,-1
321,3.971613113467507,-1
322,3.9715803409288517,-1
323,3.9715475767428337,-1
324,3.9715167278232584,-1
325,3.9714867489369476,-1
326,3.9714544486100083,-1
327,3.971420853153067,-1
328,3.9713930386873786,-1
329,3.971364478288047,-1
330,3.971337546252234,-1
331,3.9713105206717154,-1
332,3.971286297952431,-1
333,3.971262140608144,-1
334,3.9712374616568975,-1
335,3.971214028859818,-1
336,3.9711931220675147,-1
337,3.9711715136177137,-1
338,3.9711506120128117,-1
339,3.971130748641539,-1
340,3.9711118253584305,-1
341,3.971097555904058,-1
342,3.971085706200031,-1
343,3.971074827847211,-1
344,3.9710651990097294,-1
345,3.9710550868981254,-1
346,3.971045696061672,-1
347,3.971041734950447,-1
348,3.971036601799889,-1
349,3.971032677411947,-1
350,3.971028074433357,-1
351,3.971024048504926,-1
352,3.971016846154453,-1
353,3.971009588503844,-1
354,3.971002371661951,-1
355,3.9709936607414633,-1
356,3.9709865780383335,-1
357,3.9709802901579425,-1
358,3.9709730854395158,-1
359,3.970966889972666,-1
360,3.97096183299542,-1
361,3.9709566458451873,-1
362,3.9709499010383182,-1
363,3.9709436960802162,-1
364,3.9709378529458674,-1
365,3.970930668135161,-1
366,3.9709241755996647,-1
367,3.9709177884519837,-1
368,3.97091241612757,-1
369,3.970907431714644,-1
370,3.9709031289223677,-1
371,3.970898561016913,-1
372,3.970892058483997,-1
373,3.970885933227489,-1
374,3.9708805459043486,-1
375,3.97087450353943,-1
376,3.970867726444363,-1
377,3.970860515404362,-1
378,3.970854139312255,-1
379,3.9708471318539247,-1
380,3.9708424133095117,-1
381,3.970836418093047,-1
382,3.970830543855421,-1
383,3.970824688826443,-1
384,3.970819619404748,-1
385,3.970814437996194,-1
386,3.9708091492445043,-1
387,3.970803118894881,-1
388,3.970798303350247,-1
389,3.970800092232091,-1
390,3.9707947257393883,-1
391,3.9707955390699943,-1
392,3.9707914501588366,-1
393,3.9707940320061117,-1
394,3.9707896727774576,-1
395,3.9707920600938835,-1
396,3.9707938156653033,-1
397,3.9707885180593623,-1
398,3.9707897849091536,-1
399,3.9707906025225412,1
400,3.9708133556304697,1
401,3.9708815337405836,1
402,3.970954554188981,1
403,3.971024299077505,1
404,3.9710953082849922,1
405,3.9711591439579688,1
406,3.9712234566885733,1
407,3.9712838420814522,1
408,3.9713414443845054,1
409,3.9714002806672237,1
410,3.97145398449422,1
411,3.9714982415235967,1
412,3.9715425552754167,1
413,3.9715908461579548,1
414,3.971641355396424,1
415,3.971692438005391,1
416,3.9717426506136926,1
417,3.9717929611973064,1
418,3.971839829969424,1
419,3.9718844678102156,1
420,3.9719353329472256,1
421,3.9719723955566058,1
422,3.9720010722714596,1
423,3.9720311721076937,1
424,3.972064539297646,1
425,3.9720955559632394,1
426,3.9721270215607536,1
427,3.972158210770343,1
428,3.9721891308846193,1
429,3.972220557519424,1
430,3.972250291255861,1
431,3.972278742698785,1
432,3.9723056906775307,1
433,3.972333592001024,1
434,3.9723612848495002,1
435,3.972388496850023,1
436,3.9724160891159848,1
437,3.972444390780545,1
438,3.9724740550153763,1
439,3.9725050778483606,1
440,3.972534367809581,1
441,3.972562433727145,1
442,3.972590599576752,1
443,3.9726188461841585,1
444,3.9726464234064536,1
445,3.972673818359827,1
446,3.972701788172343,1
447,3.9727302184366167,1
448,3.9727595295516456,1
449,3.972786496284103,1
450,3.972812060881206,1
451,3.9728365016428278,1
452,3.9728631367766734,1
453,3.9728896334976964,1
454,3.972916619781205,1
455,3.972943104962863,1
456,3.972967979571438,1
457,3.9729954747034517,1
458,3.973022719063564,1
459,3.9730490640588334,1
460,3.973073994931122,1
461,3.973096773480618,1
462,3.973123697652902,1
463,3.97315043666472,1
464,3.9731732255512107,1
465,3.973196964260884,1
466,3.9732201789726656,1
467,3.973238795301815,1
468,3.9732619398821933,1
469,3.9732835932196573,1
470,3.973300101151941,1
471,3.97331339796688,1
472,3.9733273928104573,1
473,3.973341388230604,1
474,3.9733557365075862,1
475,3.973365927301208,1
476,3.9733786521608936,1
477,3.973390291168652,1
478,3.9734011896724426,1
479,3.9734120601138936,1
480,3.973419956543517,1
481,3.9734314863395586,1
482,3.9734391903025665,1
483,3.973448598343912,1
484,3.973458567595577,1
485,3.973468845109741,1
486,3.9734789767905907,1
487,3.973489658771012,1
488,3.973500074329589,1
489,3.9735055017604886,1
490,3.973514522871842,1
491,3.9735206753533454,1
492,3.9735259491860875,1
493,3.973531514272982,1
494,3.9735369390659834,1
495,3.973543442844589,1
496,3.9735496392134917,1
497,3.9735563788694694,1
498,3.9735629876191023,1
499,3.9735676851057584,-1
500,3.973538537728694,-1
501,3.973464213557973,-1
502,3.973396878338267,-1
503,3.973336153511135,-1
504,3.973278785132866,-1
505,3.9732284130819076,-1
506,3.9731770874663592,-1
507,3.973128850386363,-1
508,3.9730828187742526,-1
509,3.9730350392820304,-1
510,3.972986356555738,-1
511,3.9729377162384782,-1
512,3.9728912080336753,-1
513,3.9728417203804502,-1
514,3.972794749047398,-1
515,3.9727458272422846,-1
516,3.972697623668279,-1
517,3.972652493338827,-1
518,3.9726085862763605,-1
519,3.9725668949151096,-1
520,3.972524348812239,-1
521,3.9724801274678216,-1
522,3.9724349941404355,-1
523,3.9723917788563874,-1
524,3.972348158100249,-1
525,3.9723067630630933,-1
526,3.9722657136967214,-1
527,3.9722268934602303,-1
528,3.9721889202561247,-1
529,3.972150619525449,-1
530,3.9721136650149127,-1
531,3.9720764304574665,-1
532,3.9720395582915966,-1
533,3.972005143214501,-1
534,3.9719700688020323,-1
535,3.9719355096768987,-1
536,3.97191358408932,-1
537,3.9718894481608755,-1
538,3.9718807961014493,-1
539,3.9718551592563704,-1
540,3.971846240160609,-1
541,3.97183478726726,-1
542,3.97182311322449,-1
543,3.971810571345422,-1
544,3.9718002934878256,-1
545,3.9717898863921985,-1
546,3.97179033762332,-1
547,3.9717716893237105,-1
548,3.971768143335469,-1
549,3.9717563270120775,-1
550,3.9717452701188947,-1
551,3.971738430120875,-1
552,3.9717297619076675,-1
553,3.9717236107554608,-1
554,3.971717094755133,-1
555,3.971709279966483,-1
556,3.971702383815229,-1
557,3.9716957293791273,-1
558,3.971686474012003,-1
559,3.971679470327644,-1
560,3.971669701587068,-1
561,3.9716591427482957,-1
562,3.971649447785991,-1
563,3.971640854891986,-1
564,3.9716325366416427,-1
565,3.9716240381019747,-1
566,3.971614560685352,-1
567,3.9716071554431913,-1
568,3.971596081381528,-1
569,3.971585898098514,-1
570,3.9715749679709678,-1
571,3.9715656489796354,-1
572,3.971556669625258,-1
573,3.9715471940752103,-1
574,3.971538165830416,-1
575,3.971528736746685,-1
576,3.9715210392843794,-1
577,3.971512417616208,-1
578,3.971507271091179,-1
579,3.9715010696192965,-1
580,3.971493175123061,-1
581,3.971485608807936,-1
582,3.9714801121503145,-1
583,3.9714711057385923,-1
584,3.9714632234879197,-1
585,3.9714557231566525,-1
586,3.9714478324752163,-1
587,3.9714437685068873,-1
588,3.9714357656302157,-1
589,3.971430706548759,-1
590,3.9714259053902654,-1
591,3.971420834625074,-1
592,3.971415687642727,-1
593,3.971410338226895,-1
594,3.971406669926506,-1
595,3.9714024279811913,-1
596,3.9713979053212385,-1
597,3.971394427463842,-1
598,3.97139023767126,-1
599,3.971386657822764,1
600,3.971406326074747,1
601,3.9714768139904004,1
602,3.9715511946157536,1
603,3.9716271797975145,1
604,3.9716941303965916,1
605,3.9717269680949676,1
606,3.9718005848566054,1
607,3.9718534501151814,1
608,3.971918505498416,1
609,3.971954964306394,1
610,3.972004854597645,1
611,3.9720488082116456,1
612,3.9720964548083675,1
613,3.9721426553951567,1
614,3.9721877657444913,1
615,3.9722322450370697,1
616,3.9722737863296373,1
617,3.9723128850854574,1
618,3.972351364718821,1
619,3.9723904325445982,1
620,3.9724302432645437,1
621,3.9724695726048918,1
622,3.9725112192358316,1
623,3.972549084770061,1
624,3.9725877114597887,1
625,3.9726246485610663,1
626,3.972660783324689,1
627,3.972697787637771,1
628,3.9727357287167435,1
629,3.972773592847296,1
630,3.9728091429244285,1
631,3.972842606811824,1
632,3.972876969385461,1
633,3.9729122695882806,1
634,3.972948302378239,1
635,3.9729809491586674,1
636,3.9730174294409544,1
637,3.973054558172266,1
638,3.97308774093067,1
639,3.9731204029396214,1
640,3.9731546552428973,1
641,3.973188501160082,1
642,3.973221150698203,1
643,3.9732493634910853,1
644,3.97328084019566,1
645,3.973308558482993,1
646,3.9733312783707913,1
647,3.9733547313148105,1
648,3.9733746084527293,1
649,3.973395889514489,1
650,3.9734154657731784,1
651,3.9734345143214975,1
652,3.9734538915075515,1
653,3.9734736122640535,1
654,3.9734929229155425,1
655,3.9735113965689215,1
656,3.9735261624671248,1
657,3.9735423624944506,1
658,3.973556356186789,1
659,3.9735701015349196,1
660,3.973597809316104,1
661,3.9736222380576125,1
662,3.97360433455775,1
663,3.9736379297646036,1
664,3.9736902638600946,1
665,3.9736475476627198,1
666,3.973651393807808,1
667,3.973691592965834,1
668,3.973770103271642,1
669,3.973780267957866,1
670,3.9738338007909118,1
671,3.973843306727781,1
672,3.973700127573169,1
673,3.97373823601356,1
674,3.9738542674423645,1
675,3.973914538679553,1
676,3.97374110333564,1
677,3.9738061478388578,1
678,3.9740398111009174,1
679,3.974339550196995,1
680,3.9741906464384575,1
681,3.9739244319691913,1
682,3.9740911399534355,1
683,3.974444458425947,1
684,3.9747772930034655,1
685,3.974376143711507,1
686,3.974207992609876,1
687,3.974296971170455,1
688,3.97456529097076,1
689,3.974896629056204,1
690,3.974806621336788,1
691,3.974440930735671,1
692,3.9747242290092046,1
693,3.9751361563713523,1
694,3.9754632589873737,1
695,3.9749135866165997,1
696,3.974863096548074,1
697,3.9749394595072465,1
698,3.975249740021573,1
699,3.9756267756643653,-1
700,3.9754323337861326,-1
701,3.975058173268745,-1
702,3.9751489476366384,-1
703,3.9753906408806654,-1
704,3.9757632388338555,-1
705,3.97546207015843,-1
706,3.975095437238972,-1
707,3.97513111112662,-1
708,3.975279479497723,-1
709,3.975576141552843,-1
710,3.975527535669989,-1
711,3.975053215916504,-1
712,3.975087565800819,-1
713,3.9751856693418857,-1
714,3.9754336242402886,-1
715,3.975621930080365,-1
716,3.975116301542176,-1
717,3.9751477095938954,-1
718,3.975347037781858,-1
719,3.975619695383183,-1
720,3.9754126102450917,-1
721,3.97504145436637,-1
722,3.975074572064086,-1
723,3.9751005866380393,-1
724,3.9752330102835662,-1
725,3.9753692701284473,-1
726,3.9749682373602506,-1
727,3.974867230807166,-1
728,3.9748176784795075,-1
729,3.9747403568467243,-1
730,3.9746758393083295,-1
731,3.9745989283527052,-1
732,3.974526267666538,-1
733,3.974450351569118,-1
734,3.974373132679114,-1
735,3.9742996145693823,-1
736,3.974228589611755,-1
737,3.9741623933868624,-1
738,3.97409661619282,-1
739,3.9740317392237907,-1
740,3.973968885925182,-1
741,3.9739056662383256,-1
742,3.973840870250527,-1
743,3.9737769474150437,-1
744,3.9737137377386262,-1
745,3.973650147301538,-1
746,3.9735877913793054,-1
747,3.973525244962846,-1
748,3.973470784804761,-1
749,3.9734206104035827,-1
750,3.973370566852458,-1
751,3.9733247453144673,-1
752,3.973283580255141,-1
753,3.9732465959603136,-1
754,3.973210071362293,-1
755,3.9731749947633177,-1
756,3.9731407893542476,-1
757,3.9731058456345085,-1
758,3.9730719217002806,-1
759,3.9730406508278584,-1
760,3.9730120932882445,-1
761,3.972982420473244,-1
762,3.972950819726669,-1
763,3.972920895576334,-1
764,3.9728927183427367,-1
765,3.9728646480160714,-1
766,3.9728359270589038,-1
767,3.9728078856775997,-1
768,3.972779606309127,-1
769,3.972751607592028,-1
770,3.972725292572164,-1
771,3.9726997715847787,-1
772,3.972675540888531,-1
773,3.9726502823403234,-1
774,3.9726238737579624,-1
775,3.972596614778345,-1
776,3.9725691705571435,-1
777,3.9725413437929116,-1
778,3.972514257991417,-1
779,3.9724876671766705,-1
780,3.9724636370009536,-1
781,3.9724415886633,-1
782,3.97241850627707,-1
783,3.9723939359893894,-1
784,3.972368884466322,-1
785,3.9723426496506917,-1
786,3.9723176648462077,-1
787,3.972295427739338,-1
788,3.9722738812697105,-1
789,3.9722530898325483,-1
790,3.9722327880309027,-1
791,3.972211459353154,-1
792,3.9721895481838105,-1
793,3.9721680817890737,-1
794,3.9721466156908214,-1
795,3.972125146688504,-1
796,3.972104988458449,-1
797,3.9720863542048575,-1
798,3.972066574452155,-1
799,3.9720480891077914,1
800,3.972051737155266,1
801,3.972107336622988,1
802,3.972163775593784,1
803,3.972219738466011,1
804,3.9722728914584557,1
805,3.9723242203192553,1
806,3.972375319903898,1
807,3.972426960973213,1
808,3.972478727556622,1
809,3.9725322061398156,1
810,3.9725825655838154,1
811,3.972630955166639,1
812,3.972678104136668,1
813,3.972727538400903,1
814,3.972778737873089,1
815,3.972828311746827,1
816,3.972875871302451,1
817,3.9729237882517063,1
818,3.972972203312088,1
819,3.9730205474742206,1
820,3.973069242433895,1
821,3.9731133163280266,1
822,3.973156068242143,1
823,3.9731983584362056,1
824,3.9732404289971583,1
825,3.973277539335993,1
826,3.9733086470015975,1
827,3.973339996825829,1
828,3.973370508734888,1
829,3.973398170868165,1
830,3.9734250206337993,1
831,3.973452630438035,1
832,3.973479716231614,1
833,3.9735071963366013,1
834,3.9735324224933155,1
835,3.973555238935564,1
836,3.973583312385502,1
837,3.9736074868678237,1
838,3.973629864411465,1
839,3.9736484224852164,1
840,3.9736690619697344,1
841,3.973687410191,1
842,3.9737061828867652,1
843,3.9737256779877876,1
844,3.973745225567695,1
845,3.9737644146602733,1
846,3.973784098544205,1
847,3.973803725250419,1
848,3.9738242943372724,1
849,3.973843938877839,1
850,3.9738640401894085,1
851,3.9738844113687644,1
852,3.9739067820142644,1
853,3.9739277306790974,1
854,3.973948230490162,1
855,3.973969227717542,1
856,3.9739892250304276,1
857,3.974010021718382,1
858,3.974030572606069,1
859,3.9740522712948088,1
860,3.9740739070641595,1
861,3.9740891243966674,1
862,3.974108081456659,1
863,3.9741265137966404,1
864,3.974144922037099,1
865,3.974163813652619,1
866,3.9741821582822086,1
867,3.9741981268843185,1
868,3.9742143695654937,1
869,3.9742322900548746,1
870,3.974247232005146,1
871,3.974266091194525,1
872,3.974283965812644,1
873,3.9742935927204592,1
874,3.974305674857531,1
875,3.9743170801410836,1
876,3.9743281027254986,1
877,3.9743384979611567,1
878,3.9743496118334845,1
879,3.974359888333212,1
880,3.974370224483997,1
881,3.974380854455674,1
882,3.974391184381827,1
883,3.9744006892157215,1
884,3.9744097242068857,1
885,3.974419261505693,1
886,3.974428169009092,1
887,3.9744366769124992,1
888,3.974445168918837,1
889,3.9744534448133866,1
890,3.974461851181405,1
891,3.9744708471316166,1
892,3.97447744296296,1
893,3.9744851798276453,1
894,3.974506695575467,1
895,3.9745540827462613,1
896,3.974659997704992,1
897,3.9749589818508784,1
898,3.975245713923578,1
899,3.9748114313384035,-1
900,3.974764216278424,-1
901,3.9746948447516885,-1
902,3.9746237345359945,-1
903,3.974588679828027,-1
904,3.9746666776675204,-1
905,3.9748562089020787,-1
906,3.9749583338743806,-1
907,3.974483951433446,-1
908,3.974416699000913,-1
909,3.9743609598991827,-1
910,3.9742841597270164,-1
911,3.974215208908089,-1
912,3.9741532925496603,-1
913,3.974092278938074,-1
914,3.9740311302871296,-1
915,3.9739731742483513,-1
916,3.9739164295693885,-1
917,3.973860483004416,-1
918,3.973802111988227,-1
919,3.9737481405262267,-1
920,3.9736927543739258,-1
921,3.9736378489870288,-1
922,3.9735835575569567,-1
923,3.973527915683043,-1
924,3.9734779311902892,-1
925,3.9734349947983514,-1
926,3.973390226309494,-1
927,3.973349367173575,-1
928,3.973311515917613,-1
929,3.9732793425906636,-1
930,3.973249927218058,-1
931,3.9732202450860865,-1
932,3.973191479645166,-1
933,3.973165543691871,-1
934,3.97313924478144,-1
935,3.9731125112980905,-1
936,3.973088194262774,-1
937,3.973064441929456,-1
938,3.973040897127888,-1
939,3.9730186642219736,-1
940,3.9729947044988325,-1
941,3.972971884451545,-1
942,3.9729485344131743,-1
943,3.972925364725902,-1
944,3.9729018196716384,-1
945,3.972879299638188,-1
946,3.972857358343048,-1
947,3.9728353373119365,-1
948,3.9728136824414544,-1
949,3.972791658131518,-1
950,3.972769904813788,-1
951,3.972748604719225,-1
952,3.9727273216090015,-1
953,3.972706225609067,-1
954,3.9726857733462224,-1
955,3.9726661444787097,-1
956,3.972648643864309,-1
957,3.972631490032807,-1
958,3.9726139106513343,-1
959,3.972596358461705,-1
960,3.972574443654897,-1
961,3.9725534456211764,-1
962,3.9725316384482783,-1
963,3.9725084860528117,-1
964,3.972485279203215,-1
965,3.97246495351048,-1
966,3.9724455898690807,-1
967,3.9724255741462176,-1
968,3.972403580198709,-1
969,3.972381381597973,-1
970,3.9723591475688402,-1
971,3.9723378367217466,-1
972,3.972317253955619,-1
973,3.9722996657113834,-1
974,3.9722825321511053,-1
975,3.9722655389690043,-1
976,3.9722497618632797,-1
977,3.9722343823805026,-1
978,3.97221859175361,-1
979,3.9722020575994375,-1
980,3.9721861460547134,-1
981,3.972169918069558,-1
982,3.9721538518247232,-1
983,3.9721379259908347,-1
984,3.972122891218049,-1
985,3.972108736846609,-1
986,3.9720943590303577,-1
987,3.9720792674838723,-1
988,3.9720645211212298,-1
989,3.972051352583044,-1
990,3.9720378836445285,-1
991,3.9720241808827805,-1
992,3.972012345638756,-1
993,3.9720005707726806,-1
994,3.9719891604271824,-1
995,3.9719785375960788,-1
996,3.971969631517821,-1
997,3.971958025094845,-1
998,3.971945808994713,-1
999,3.9719343117066455,1
1000,3.9719531547893716,1
1001,3.97201329664044,1
1002,3.9720749260387933,1
1003,3.972136644226553,1
1004,3.9721971714464965,1
1005,3.972256067583281,1
1006,3.9723119370297466,1
1007,3.9723666321730264,1
1008,3.972423033016014,1
1009,3.9724801790219075,1
1010,3.9725384226724008,1
1011,3.9725934285072735,1
1012,3.9726465683779013,1
1013,3.9726997514205644,1
1014,3.9727562278653124,1
1015,3.9728109793618507,1
1016,3.97286306136152,1
1017,3.972916888047831,1
1018,3.9729726192817516,1
1019,3.9730245234997543,1
1020,3.9730766896145244,1
1021,3.973126901661797,1
1022,3.973177013703947,1
1023,3.973225861519233,1
1024,3.973271954873822,1
1025,3.9733128683252,1
1026,3.973351069881149,1
1027,3.973387839046497,1
1028,3.9734223999646723,1
1029,3.9734565458827094,1
1030,3.9734910867907667,1
1031,3.9735259147994233,1
1032,3.9735589810303455,1
1033,3.9735943819421413,1
1034,3.973626770647072,1
1035,3.973651816629018,1
1036,3.973679511465389,1
1037,3.9737045827289736,1
1038,3.9737311072824912,1
1039,3.9737574207777264,1
1040,3.9737823295994845,1
1041,3.9738075891957414,1
1042,3.97383432848393,1
1043,3.973860845184097,1
1044,3.973887342223065,1
1045,3.9739150280467417,1
1046,3.9739419177833133,1
1047,3.9739681219294174,1
1048,3.9739931075385284,1
1049,3.9740190596424005,1
1050,3.974045099092212,1
1051,3.974072814925762,1
1052,3.974094049944042,1
1053,3.9741184039149218,1
1054,3.974142033732542,1
1055,3.974167142541222,1
1056,3.974192078498949,1
1057,3.9742117300723896,1
1058,3.974237334357708,1
1059,3.9742602114120498,1
1060,3.9742833019642916,1
1061,3.974298443633581,1
1062,3.9743155398655663,1
1063,3.974333137555615,1
1064,3.9743499223439276,1
1065,3.9743652686005255,1
1066,3.9743824036477124,1
1067,3.9743995306124367,1
1068,3.9744170392865144,1
1069,3.9744333385144235,1
1070,3.9744504758732218,1
1071,3.9744667874487556,1
1072,3.974480476071623,1
1073,3.974510811981564,1
1074,3.974570360215391,1
1075,3.9746985871624374,1
1076,3.975015734433994,1
1077,3.9751900073896067,1
1078,3.9747621826230097,1
1079,3.974933087798831,1
1080,3.975358465347682,1
1081,3.9757665361892904,1
1082,3.975322005688356,1
1083,3.975154781585706,1
1084,3.9752718870710817,1
1085,3.9756932213256686,1
1086,3.9762207652306016,1
1087,3.976119233811274,1
1088,3.9756008865365717,1
1089,3.975801798078776,1
1090,3.97628659432486,1
1091,3.9768238963536815,1
1092,3.9766651699509405,1
1093,3.9760744208238363,1
1094,3.9762775508772332,1
1095,3.976696462279179,1
1096,3.977127025488608,1
1097,3.976791292323381,1
1098,3.976560284558792,1
1099,3.9766300087653064,-1
1100,3.9766760088551427,-1
1101,3.9765656671142677,-1
1102,3.976519115103414,-1
1103,3.976473596530319,-1
1104,3.976424082930788,-1
1105,3.9763781129819282,-1
1106,3.9763369981751433,-1
1107,3.9763014231768965,-1
1108,3.976255694075471,-1
1109,3.9762116839120143,-1
1110,3.976167283686683,-1
1111,3.9761249960250735,-1
1112,3.976085827532315,-1
1113,3.976048007096037,-1
1114,3.976002545306288,-1
1115,3.9759588536111297,-1
1116,3.975911615125614,-1
1117,3.9758613572581676,-1
1118,3.975812953033724,-1
1119,3.9757671663541005,-1
1120,3.975716919472247,-1
1121,3.975663350069346,-1
1122,3.97559832447707,-1
1123,3.975546024339125,-1
1124,3.9754937132565598,-1
1125,3.9754420105651196,-1
1126,3.9753892368925947,-1
1127,3.97533794026376,-1
1128,3.975278686315385,-1
1129,3.975226972571395,-1
1130,3.9751750396448977,-1
1131,3.9751218153270624,-1
1132,3.9750674302815328,-1
1133,3.975004078581323,-1
1134,3.9749443580674786,-1
1135,3.974882920690506,-1
1136,3.974823068544448,-1
1137,3.97476420880381,-1
1138,3.9747060694709813,-1
1139,3.974641749011263,-1
1140,3.974576552934355,-1
1141,3.974507599334598,-1
1142,3.9744399307909157,-1
1143,3.9743721430232863,-1
1144,3.9743051515944594,-1
1145,3.9742387018466236,-1
1146,3.9741781310176334,-1
1147,3.9741179842622936,-1
1148,3.974059438136204,-1
1149,3.97400226297696,-1
1150,3.9739469470030926,-1
1151,3.9738916051214908,-1
1152,3.973835248303157,-1
1153,3.9737820276137428,-1
1154,3.973728519941644,-1
1155,3.9736750404169516,-1
1156,3.9736229525560978,-1
1157,3.9735716640958776,-1
1158,3.9735190457261496,-1
1159,3.9734717826548387,-1
1160,3.9734260904403884,-1
1161,3.973381834480602,-1
1162,3.973339530442267,-1
1163,3.973302775979331,-1
1164,3.973271224376705,-1
1165,3.973240596499048,-1
1166,3.973211460575901,-1
1167,3.9731847680501664,-1
1168,3.973158638911288,-1
1169,3.97313191397521,-1
1170,3.973105000768391,-1
1171,3.9730815576315086,-1
1172,3.9730585746914353,-1
1173,3.9730368508731986,-1
1174,3.9730179841369075,-1
1175,3.9729968349101634,-1
1176,3.972976729132347,-1
1177,3.9729569017015973,-1
1178,3.972936668625406,-1
1179,3.972916850685733,-1
1180,3.9728984462768144,-1
1181,3.972880305240958,-1
1182,3.9728625249075447,-1
1183,3.9728451161229374,-1
1184,3.9728279368976223,-1
1185,3.9728103337602105,-1
1186,3.972792942719594,-1
1187,3.9727749238613628,-1
1188,3.972758177948465,-1
1189,3.9727407135774415,-1
1190,3.9727220669533354,-1
1191,3.9727026765142996,-1
1192,3.9726850701102854,-1
1193,3.9726680999368362,-1
1194,3.9726508989394995,-1
1195,3.9726346965787656,-1
1196,3.9726182784137594,-1
1197,3.972602344378188,-1
1198,3.972586322025816,-1
1199,3.972569326221734,1
1200,3.972574864862119,1
1201,3.9726334597071875,1
1202,3.9726916507300585,1
1203,3.9727490838198887,1
1204,3.9728054920296794,1
1205,3.972860129944027,1
1206,3.972916053484318,1
1207,3.972972991914588,1
1208,3.973028668886947,1
1209,3.973083435035569,1
1210,3.973135045446047,1
1211,3.9731831126900152,1
1212,3.973229378302499,1
1213,3.973271827063155,1
1214,3.9733108281904252,1
1215,3.973346761219455,1
1216,3.9733835966932607,1
1217,3.973418599346143,1
1218,3.973452208031226,1
1219,3.973486719230678,1
1220,3.973521559472461,1
1221,3.9735537660602995,1
1222,3.97358918000533,1
1223,3.97362308692112,1
1224,3.9736531165921525,1
1225,3.9736805090581373,1
1226,3.9737073447691778,1
1227,3.9737338343448325,1
1228,3.973759440746301,1
1229,3.9737844397814976,1
1230,3.9738100858932284,1
1231,3.9738372974790406,1
1232,3.9738635010044208,1
1233,3.973889794021326,1
1234,3.9739158382541495,1
1235,3.973941438566895,1
1236,3.973966893578793,1
1237,3.973992223271086,1
1238,3.9740167664576864,1
1239,3.9740415219047485,1
1240,3.9740665062972456,1
1241,3.9740908677205384,1
1242,3.974112403385777,1
1243,3.974135346817369,1
1244,3.974158513870157,1
1245,3.9741814327954756,1
1246,3.974204423408902,1
1247,3.974225962415306,1
1248,3.974247656646725,1
1249,3.9742692571046474,1
1250,3.9742908783365833,1
1251,3.974312421888433,1
1252,3.974328082033881,1
1253,3.9743430592962046,1
1254,3.974357060212279,1
1255,3.9743710166505526,1
1256,3.9743851066095477,1
1257,3.974399249166035,1
1258,3.974413698760623,1
1259,3.9744280725036565,1
1260,3.9744431089915664,1
1261,3.9744572722688107,1
1262,3.9744712560213578,1
1263,3.974485741636645,1
1264,3.97450126002563,1
1265,3.9745197950722515,1
1266,3.9745326782967174,1
1267,3.9745472577336445,1
1268,3.9745608510911055,1
1269,3.974573886067457,1
1270,3.9745870907121814,1
1271,3.9746010641252396,1
1272,3.974614505470228,1
1273,3.974627828732885,1
1274,3.9746405321864433,1
1275,3.9746528490555764,1
1276,3.9746642952129263,1
1277,3.9746762591900877,1
1278,3.9746868468510117,1
1279,3.974694150443968,1
1280,3.974700250367135,1
1281,3.974712430880218,1
1282,3.9747238235951947,1
1283,3.974735905736649,1
1284,3.9747481300765037,1
1285,3.9747779768233977,1
1286,3.9748100299815965,1
1287,3.9748217707362885,1
1288,3.974836409333279,1
1289,3.9748664363349526,1
1290,3.974917899484104,1
1291,3.9750962966376027,1
1292,3.9754893750772244,1
1293,3.9757335702802763,1
1294,3.975230136339439,1
1295,3.975310981759082,1
1296,3.9754876848351226,1
1297,3.9759525080806424,1
1298,3.9763537286086135,1
1299,3.975922663388775,-1
1300,3.975667072934528,-1
1301,3.975722007067031,-1
1302,3.9760100802034444,-1
1303,3.976368970671878,-1
1304,3.9761640956603674,-1
1305,3.9757670612139258,-1
1306,3.97584745624117,-1
1307,3.97615710619111,-1
1308,3.9765163720969907,-1
1309,3.9761328266633273,-1
1310,3.975909705989144,-1
1311,3.9759111969689176,-1
1312,3.9759728096068674,-1
1313,3.976069190485556,-1
1314,3.9761623388512564,-1
1315,3.9760664098778102,-1
1316,3.9758027290157427,-1
1317,3.9758188010877236,-1
1318,3.975889154622614,-1
1319,3.975924309622668,-1
1320,3.9758837724328084,-1
1321,3.975686001762415,-1
1322,3.9756327369466233,-1
1323,3.9755773344865957,-1
1324,3.9755369201255677,-1
1325,3.9754884630864904,-1
1326,3.9754385631640576,-1
1327,3.9753979533752215,-1
1328,3.9753519409248685,-1
1329,3.975307003376188,-1
1330,3.9752578864678663,-1
1331,3.975219042851688,-1
1332,3.9751810795115987,-1
1333,3.9751407577999576,-1
1334,3.9751026291819684,-1
1335,3.975060481973604,-1
1336,3.975025147974072,-1
1337,3.9749788205019363,-1
1338,3.9748978826734405,-1
1339,3.974855963759185,-1
1340,3.9748040575899926,-1
1341,3.9747558353230485,-1
1342,3.974707030957342,-1
1343,3.9746517471403275,-1
1344,3.974596949441666,-1
1345,3.9745377425916746,-1
1346,3.9744794762519238,-1
1347,3.9744201379422863,-1
1348,3.974363085897836,-1
1349,3.9743052565227397,-1
1350,3.97424991213765,-1
1351,3.9742011680063887,-1
1352,3.974152246387616,-1
1353,3.9741039404298384,-1
1354,3.9740562365333005,-1
1355,3.9740100050559195,-1
1356,3.973964667468768,-1
1357,3.9739208829536503,-1
1358,3.9738758693837997,-1
1359,3.973830591525625,-1
1360,3.973787583869625,-1
1361,3.973744931619728,-1
1362,3.9737008179023308,-1
1363,3.9736592151272054,-1
1364,3.9736212286304826,-1
1365,3.9735839057775157,-1
1366,3.9735473593660724,-1
1367,3.973514068528889,-1
1368,3.9734824401230595,-1
1369,3.9734536802748117,-1
1370,3.973425715304682,-1
1371,3.9733988091105887,-1
1372,3.9733717103992854,-1
1373,3.9733452884029545,-1
1374,3.9733232692701113,-1
1375,3.973306247408651,-1
1376,3.9732898942213515,-1
1377,3.973274760782412,-1
1378,3.97325903965299,-1
1379,3.9732426312790987,-1
1380,3.973226602514085,-1
1381,3.973211007398788,-1
1382,3.97319663253233,-1
1383,3.9731835697015483,-1
1384,3.973170885870807,-1
1385,3.973157626136068,-1
1386,3.973144876602862,-1
1387,3.9731323769494242,-1
1388,3.973119569061871,-1
1389,3.9731107046741285,-1
1390,3.9731039706296936,-1
1391,3.973094850533057,-1
1392,3.973086953761365,-1
1393,3.9730802446789473,-1
1394,3.973073103991393,-1
1395,3.9730659592376636,-1
1396,3.9730590021076466,-1
1397,3.9730519081795013,-1
1398,3.973044409309426,-1
1399,3.9730389249059614,1
1400,3.973054594950672,1
1401,3.973119112764171,1
1402,3.9731818100115373,1
1403,3.973242230560661,1
1404,3.973300541105351,1
1405,3.973353330654985,1
1406,3.9734042796729536,1
1407,3.9734526750582244,1
1408,3.9735016077428096,1
1409,3.973549351752667,1
1410,3.9735979076943266,1
1411,3.9736434995515273,1
1412,3.973686611085141,1
1413,3.973724009892483,1
1414,3.973761611411373,1
1415,3.9737974753252674,1
1416,3.973833359126757,1
1417,3.973869953642799,1
1418,3.9739058695732856,1
1419,3.973941996381045,1
1420,3.973978046697471,1
1421,3.9740133365293673,1
1422,3.9740482130608568,1
1423,3.974083897144851,1
1424,3.974117501649401,1
1425,3.974150781875122,1
1426,3.9741848769477004,1
1427,3.9742175183483823,1
1428,3.9742504907682683,1
1429,3.974282473870442,1
1430,3.9743152215609436,1
1431,3.9743425638251297,1
1432,3.9743675276025017,1
1433,3.9743911954961493,1
1434,3.974415104590731,1
1435,3.9744385768162918,1
1436,3.9744621506640194,1
1437,3.9744864145559022,1
1438,3.9745103933684285,1
1439,3.974536069172216,1
1440,3.974559397534393,1
1441,3.9745840839843702,1
1442,3.9746084503688976,1
1443,3.9746316495000875,1
1444,3.974654596082482,1
1445,3.974676548237512,1
1446,3.974697931901138,1
1447,3.9747198595300173,1
1448,3.9747413816560417,1
1449,3.974762624627202,1
1450,3.9747945707737427,1
1451,3.974824730727513,1
1452,3.9748557155282906,1
1453,3.97488796361843,1
1454,3.974928021735196,1
1455,3.975004786356922,1
1456,3.975248295693821,1
1457,3.975541588974302,1
1458,3.9753152222886596,1
1459,3.9751990807956665,1
1460,3.975290170636703,1
1461,3.9755967271757413,1
1462,3.975973372131178,1
1463,3.9757299351597526,1
1464,3.975601462777019,1
1465,3.975708572726927,1
1466,3.9761065199810304,1
1467,3.9765070940641256,1
1468,3.9761323265299655,1
1469,3.9760739665948783,1
1470,3.97613051421436,1
1471,3.9763759279086393,1
1472,3.976831862632835,1
1473,3.977014158146053,1
1474,3.976489027636263,1
1475,3.976586475504851,1
1476,3.976632442566678,1
1477,3.9766645402536867,1
1478,3.976699911935348,1
1479,3.976735750981967,1
1480,3.9767734325839674,1
1481,3.976810196819297,1
1482,3.976846847606973,1
1483,3.976882182213179,1
1484,3.97691810701858,1
1485,3.9769541627513036,1
1486,3.976987964119891,1
1487,3.977018553919831,1
1488,3.9770466645296683,1
1489,3.97707548524269,1
1490,3.9771048452578586,1
1491,3.9771337340681265,1
1492,3.9771637824268704,1
1493,3.977193383554731,1
1494,3.9772236976122883,1
1495,3.977259348722504,1
1496,3.977288856930366,1
1497,3.9773254530291933,1
1498,3.9773601283961795,1
1499,3.977394312888461,-1
1500,3.977409650979865,-1
1501,3.977382892442872,-1
1502,3.97735445438578,-1
1503,3.977321443921997,-1
1504,3.9772895885959496,-1
1505,3.9772581141351546,-1
1506,3.9772260509546165,-1
1507,3.977194427610822,-1
1508,3.977156975855757,-1
1509,3.9771209068088016,-1
1510,3.977083464249384,-1
1511,3.9770482919541745,-1
1512,3.97701503857799,-1
1513,3.9769907737540913,-1
1514,3.976968590420361,-1
1515,3.976947848614061,-1
1516,3.9769257507916658,-1
1517,3.976901969285154,-1
1518,3.976878644723162,-1
1519,3.976855101773654,-1
1520,3.9768311986698923,-1
1521,3.97680781537894,-1
1522,3.976786087483438,-1
1523,3.97676516548076,-1
1524,3.976746268281622,-1
1525,3.976727082358858,-1
1526,3.9767064305351387,-1
1527,3.9766863351902964,-1
1528,3.976666438623484,-1
1529,3.9766466090078154,-1
1530,3.9766256666445554,-1
1531,3.9766094474034763,-1
1532,3.9765911229537707,-1
1533,3.9765735962651503,-1
1534,3.976554464134207,-1
1535,3.976535090392894,-1
1536,3.976517557549113,-1
1537,3.9764964640083944,-1
1538,3.9764762464273407,-1
1539,3.976455826700974,-1
1540,3.9764356334688813,-1
1541,3.976420573643641,-1
1542,3.9763992448102945,-1
1543,3.976378277736933,-1
1544,3.976363487914669,-1
1545,3.9763494561433244,-1
1546,3.9763358883973456,-1
1547,3.9763259428225037,-1
1548,3.9762995898181352,-1
1549,3.976280421747799,-1
1550,3.9762665069989045,-1
1551,3.976250182252933,-1
1552,3.97624127632769,-1
1553,3.9762233016761703,-1
1554,3.97620674305507,-1
1555,3.9761903990142544,-1
1556,3.9761704716115682,-1
1557,3.976155718324483,-1
1558,3.9761402360659646,-1
1559,3.976123034266111,-1
1560,3.9761114732967067,-1
1561,3.9760999227386553,-1
1562,3.976088041450706,-1
1563,3.976086443163063,-1
1564,3.976087295178334,-1
1565,3.9760519967037107,-1
1566,3.9760333486068538,-1
1567,3.9760183612756395,-1
1568,3.9760044016007914,-1
1569,3.975988914762558,-1
1570,3.9759762104963015,-1
1571,3.975961807795239,-1
1572,3.9759497024542796,-1
1573,3.9759369987456368,-1
1574,3.9759234060292776,-1
1575,3.975900874279836,-1
1576,3.97588760994216,-1
1577,3.975864131942724,-1
1578,3.975850378033289,-1
1579,3.9758232692802213,-1
1580,3.975820298957042,-1
1581,3.9758104965318806,-1
1582,3.9757756005179576,-1
1583,3.9757690213116312,-1
1584,3.975740176479106,-1
1585,3.975735950618585,-1
1586,3.975698033897274,-1
1587,3.9757209855949966,-1
1588,3.975802934567568,-1
1589,3.9759615684252436,-1
1590,3.9761358278245913,-1
1591,3.9758657235862502,-1
1592,3.9757159069996946,-1
1593,3.975750816598743,-1
1594,3.9759202848066306,-1
1595,3.976279763731333,-1
1596,3.9764641326903276,-1
1597,3.9758959063259374,-1
1598,3.9759387801334327,-1
1599,3.97593748071576,1
1600,3.976022796789006,1
1601,3.9763063100323333,1
1602,3.9765871888912723,1
1603,3.976232516351599,1
1604,3.9762735848860045,1
1605,3.976327910701629,1
1606,3.976376656790191,1
1607,3.976429635060017,1
1608,3.976476757369095,1
1609,3.976521614293568,1
1610,3.976567698436075,1
1611,3.9766078581651403,1
1612,3.9766483198578446,1
1613,3.976691369070922,1
1614,3.976737219348021,1
1615,3.9767852519912656,1
1616,3.976831513597936,1
1617,3.976877057405499,1
1618,3.9769228462493964,1
1619,3.9769690040465666,1
1620,3.977012805554093,1
1621,3.977052453992685,1
1622,3.977089002335449,1
1623,3.977125215133391,1
1624,3.9771610759144114,1
1625,3.9771967575073734,1
1626,3.9772323239936207,1
1627,3.977273304916446,1
1628,3.9773122878860683,1
1629,3.977354147153025,1
1630,3.977395810544884,1
1631,3.9774431331114126,1
1632,3.9774928444450914,1
1633,3.977545485814876,1
1634,3.9775989315205345,1
1635,3.9776529480295455,1
1636,3.9777068536834155,1
1637,3.9777561816781346,1
1638,3.9778054490937214,1
1639,3.977853533562328,1
1640,3.9779024325487686,1
1641,3.9779489518451627,1
1642,3.9779960324512142,1
1643,3.9780505909744477,1
1644,3.978101871371293,1
1645,3.9781562516770697,1
1646,3.978208410700244,1
1647,3.978258506040843,1
1648,3.978307698153171,1
1649,3.9783523349464174,1
1650,3.97839595959699,1
1651,3.9784455969728114,1
1652,3.9784887112229095,1
1653,3.9785321651154093,1
1654,3.978576265456856,1
1655,3.9786227503788663,1
1656,3.978674341473777,1
1657,3.9787735799705777,1
1658,3.9790320733496714,1
1659,3.9792427186562773,1
1660,3.9789602010328435,1
1661,3.9789755773120095,1
1662,3.979015572014732,1
1663,3.979198882364823,1
1664,3.9794604634519026,1
1665,3.979456841338443,1
1666,3.9792233972149615,1
1667,3.9794756363742962,1
1668,3.979714937006522,1
1669,3.9794795036510204,1
1670,3.979451512380285,1
1671,3.9794942325292286,1
1672,3.9795774692675145,1
1673,3.979838271521137,1
1674,3.9799301832494036,1
1675,3.9796577819305408,1
1676,3.9798585780109694,1
1677,3.979968529847382,1
1678,3.9799910288378197,1
1679,3.979895990428257,1
1680,3.9798593319128623,1
1681,3.9799304165919818,1
1682,3.980048078504378,1
1683,3.9802231653766746,1
1684,3.9801499259364457,1
1685,3.980060564762033,1
1686,3.9800974398313507,1
1687,3.9801372518136677,1
1688,3.98018338687172,1
1689,3.980180595263645,1
1690,3.9802066735088713,1
1691,3.9802306526735514,1
1692,3.980261214906463,1
1693,3.9802850471875106,1
1694,3.980313653820845,1
1695,3.980403569067133,1
1696,3.9805431554089687,1
1697,3.980492400635698,1
1698,3.980442559854877,1
1699,3.980628591903275,-1
1700,3.980860830412219,-1
1701,3.980584932279071,-1
1702,3.9805035953117844,-1
1703,3.98051896668178,-1
1704,3.9806920851737524,-1
1705,3.9808571661956504,-1
1706,3.980593053660481,-1
1707,3.9805255293191566,-1
1708,3.9805092214653874,-1
1709,3.980446984625762,-1
1710,3.980596250305351,-1
1711,3.980686981812597,-1
1712,3.9803752750832255,-1
1713,3.980397679093421,-1
1714,3.9804633411777397,-1
1715,3.980392376545876,-1
1716,3.980266745017167,-1
1717,3.980342783947709,-1
1718,3.980324629684623,-1
1719,3.9801793628882534,-1
1720,3.9801796495797537,-1
1721,3.980158649364954,-1
1722,3.980110657291987,-1
1723,3.9801562305435856,-1
1724,3.980275006120472,-1
1725,3.980139300979985,-1
1726,3.980024423013568,-1
1727,3.980076345876106,-1
1728,3.9802608054222572,-1
1729,3.9804184489185426,-1
1730,3.9800064599753027,-1
1731,3.9800663751351233,-1
1732,3.9802687450524505,-1
1733,3.980325097984705,-1
1734,3.9799572872439857,-1
1735,3.9800091585913595,-1
1736,3.9802318256888896,-1
1737,3.9803871990456425,-1
1738,3.9799623107094604,-1
1739,3.980052557045465,-1
1740,3.9802671058512047,-1
1741,3.980073564918408,-1
1742,3.9799166163996844,-1
1743,3.980116698826473,-1
1744,3.980223564284068,-1
1745,3.9798871798797046,-1
1746,3.9799428228799743,-1
1747,3.980197061738141,-1
1748,3.9802487504437476,-1
1749,3.9798143650703954,-1
1750,3.9799859066464034,-1
1751,3.980301787899725,-1
1752,3.9801352233336424,-1
1753,3.9798480460553742,-1
1754,3.980211433603198,-1
1755,3.9805986604150734,-1
1756,3.980321465777474,-1
1757,3.979893945076805,-1
1758,3.9802496978976256,-1
1759,3.980696799182611,-1
1760,3.9804570730980116,-1
1761,3.9799686862810737,-1
1762,3.9801510131967115,-1
1763,3.9804810583975003,-1
1764,3.980542221886532,-1
1765,3.980089546147557,-1
1766,3.9802160134470386,-1
1767,3.9806620022653245,-1
1768,3.980786698922922,-1
1769,3.9801976591484047,-1
1770,3.9802655613332854,-1
1771,3.980531449710354,-1
1772,3.9805353038566613,-1
1773,3.9801442563221725,-1
1774,3.9803142909989098,-1
1775,3.980740630354451,-1
1776,3.9808442360785885,-1
1777,3.9803008174905656,-1
1778,3.980345604877903,-1
1779,3.9806292019608627,-1
1780,3.9806017333136285,-1
1781,3.9802316816901393,-1
1782,3.980355906522722,-1
1783,3.980685228897945,-1
1784,3.980650930393288,-1
1785,3.980215075190986,-1
1786,3.9803590903081725,-1
1787,3.980761114787213,-1
1788,3.9808973374610863,-1
1789,3.9804297811063893,-1
1790,3.9803064916722217,-1
1791,3.980484824090397,-1
1792,3.9807410972392896,-1
1793,3.980874244447784,-1
1794,3.980420001426875,-1
1795,3.980395136402889,-1
1796,3.9806097592384857,-1
1797,3.980773141658256,-1
1798,3.980788979318465,-1
1799,3.9804749544812337,1
1800,3.980473009153162,1
1801,3.9809088542007203,1
1802,3.980950847629838,1
1803,3.9804977290206907,1
1804,3.9808518240002235,1
1805,3.981405405299185,1
1806,3.9811090407652823,1
1807,3.9808338499403564,1
1808,3.981096061651393,1
1809,3.9813188403113604,1
1810,3.981327257376129,1
1811,3.981099082805944,1
1812,3.9813080590958654,1
1813,3.9816300138373193,1
1814,3.981659134920033,1
1815,3.981312733749122,1
1816,3.9816575771463745,1
1817,3.9820786620960265,1
1818,3.9819694520304223,1
1819,3.9816092358574897,1
1820,3.9819760442679404,1
1821,3.9824481120252164,1
1822,3.9821480076801823,1
1823,3.9819864013021125,1
1824,3.982231178299342,1
1825,3.982535441607345,1
1826,3.9827415761513953,1
1827,3.9826045367605016,1
1828,3.982345308854543,1
1829,3.9826242064723534,1
1830,3.982872701709784,1
1831,3.9826665523058216,1
1832,3.98265176530379,1
1833,3.982965951404303,1
1834,3.9831226465286322,1
1835,3.983027607067613,1
1836,3.9830702129093982,1
1837,3.9834807647090633,1
1838,3.9838473718510294,1
1839,3.9840561276361037,1
1840,3.984022641901185,1
1841,3.9836647056911287,1
1842,3.9833490333536488,1
1843,3.9835817274929086,1
1844,3.9839464391975774,1
1845,3.984265280606804,1
1846,3.984441727059569,1
1847,3.9846212744290157,1
1848,3.984862338309849,1
1849,3.9849867145614586,1
1850,3.9847786575372655,1
1851,3.9842262006218516,1
1852,3.9840286519784422,1
1853,3.984238488501464,1
1854,3.98484101771563,1
1855,3.9855396177271785,1
1856,3.9857526715447835,1
1857,3.9854994866592985,1
1858,3.985205677107899,1
1859,3.985105719450728,1
1860,3.985244258678695,1
1861,3.985457443537488,1
1862,3.9854761037311857,1
1863,3.985389213397833,1
1864,3.9853039274528363,1
1865,3.985220979673713,1
1866,3.98513947823871,1
1867,3.9850598530785595,1
1868,3.9849824386380197,1
1869,3.984907635104233,1
1870,3.984833919348157,1
1871,3.984760946852946,1
1872,3.984687203273522,1
1873,3.9846122429346806,1
1874,3.9845377763090375,1
1875,3.9844659117765113,1
1876,3.984395272893515,1
1877,3.9843240283083268,1
1878,3.9842584249226083,1
1879,3.9841944044332323,1
1880,3.9841330143326066,1
1881,3.9840721514210893,1
1882,3.9840105016859564,1
1883,3.98394923760896,1
1884,3.983886819883077,1
1885,3.983822894807096,1
1886,3.983751108931982,1
1887,3.983675782990871,1
1888,3.9836063281104988,1
1889,3.98354039795027,1
1890,3.9834770596831355,1
1891,3.983415728883485,1
1892,3.9833570961435543,1
1893,3.9833005447235768,1
1894,3.9832430851432887,1
1895,3.9831869207208586,1
1896,3.983133274071342,1
1897,3.9830817391776256,1
1898,3.983031957964566,1
1899,3.9829869233911364,-1
1900,3.9829350592821746,-1
1901,3.9828620223415125,-1
1902,3.982786855156746,-1
1903,3.9827104318327917,-1
1904,3.9826361957220318,-1
1905,3.9825652927314383,-1
1906,3.9824970683514405,-1
1907,3.9824303144987527,-1
1908,3.9823654545441567,-1
1909,3.9823029544631026,-1
1910,3.9822418453671187,-1
1911,3.9821824152889653,-1
1912,3.982123520855817,-1
1913,3.9820664581290206,-1
1914,3.9820083947130556,-1
1915,3.981949861352245,-1
1916,3.981893113429628,-1
1917,3.981846142964338,-1
1918,3.981804987629017,-1
1919,3.9817673951784824,-1
1920,3.9817315431332165,-1
1921,3.981696617482712,-1
1922,3.981662496243353,-1
1923,3.9816262269129266,-1
1924,3.9815892257065184,-1
1925,3.981551906500792,-1
1926,3.981514984489152,-1
1927,3.981478873599079,-1
1928,3.9814427563462953,-1
1929,3.981407553119113,-1
1930,3.9813677472258324,-1
1931,3.9813233924881652,-1
1932,3.9812796439178415,-1
1933,3.981234694730168,-1
1934,3.981189419446678,-1
1935,3.9811475562532976,-1
1936,3.981106091905221,-1
1937,3.9810639311013896,-1
1938,3.981022164978623,-1
1939,3.980982717687888,-1
1940,3.980942225876521,-1
1941,3.980901287119021,-1
1942,3.980862738696595,-1
1943,3.9808255898668747,-1
1944,3.9807957152884965,-1
1945,3.980763324874931,-1
1946,3.980729235903279,-1
1947,3.9806989932378603,-1
1948,3.9806727148363437,-1
1949,3.9806467970090025,-1
1950,3.980624438011908,-1
1951,3.9806037279698745,-1
1952,3.9805831022618845,-1
1953,3.9805628186842132,-1
1954,3.980542944443883,-1
1955,3.9805216238450307,-1
1956,3.9805015081286337,-1
1957,3.9804832230802334,-1
1958,3.9804659478724793,-1
1959,3.980448791747081,-1
1960,3.980431142201128,-1
1961,3.980413743593533,-1
1962,3.980396391521008,-1
1963,3.980379776139701,-1
1964,3.9803650556928467,-1
1965,3.9803505533308527,-1
1966,3.9803353053495645,-1
1967,3.980320195021688,-1
1968,3.98030347358326,-1
1969,3.980287534409036,-1
1970,3.9802732904597486,-1
1971,3.980259126605486,-1
1972,3.9802455871415106,-1
1973,3.9802322850661165,-1
1974,3.9802190659125722,-1
1975,3.9802046229329546,-1
1976,3.980189490203307,-1
1977,3.9801742988508813,-1
1978,3.980159332527423,-1
1979,3.9801438306938177,-1
1980,3.980128236588288,-1
1981,3.980112241781782,-1
1982,3.9800967265162077,-1
1983,3.9800808007618187,-1
1984,3.980063483124544,-1
1985,3.980047990963742,-1
1986,3.980033688112425,-1
1987,3.9800193464739433,-1
1988,3.9800047001859538,-1
1989,3.9799900195584694,-1
1990,3.979977496216051,-1
1991,3.979964765391941,-1
1992,3.9799507700068313,-1
1993,3.9799368931013808,-1
1994,3.979923059404795,-1
1995,3.979910227581617,-1
1996,3.979898320612042,-1
1997,3.9798872024248446,-1
1998,3.979876043401826,-1
1999,3.9798656337585614,1
